file_name,product_name,reviewer,review_date,rating,variant,review
reviews_page_1.html,"Moell Hair Care deals! - Hair Lotion 100gr & Shampoo 185gr - Menumbuhkan & Melebatkan Rambut Bayi & Anak - Panax Ginseng,Kemiri, Biotin - Skincare Bayi Formulasi Dokter- Perawatan Rambut Bayi dan Anak",O***f,2025-11-02,5,PROMO SHAMPOO & HAIR LOTION,"Hair lotionnya wangi dan beneran buat manjangin rambut dan menumbuhkan anakku coocok
Kemasan: Bagus rapi
Kualitas pengerjaan: Cepat
Warna: Coklat bagus"
reviews_page_1.html,"Moell Hair Care deals! - Hair Lotion 100gr & Shampoo 185gr - Menumbuhkan & Melebatkan Rambut Bayi & Anak - Panax Ginseng,Kemiri, Biotin - Skincare Bayi Formulasi Dokter- Perawatan Rambut Bayi dan Anak",E***h,2025-11-02,5,PROMO SHAMPOO & HAIR LOTION,"Paket nya sudah diterima murah dapat bonus nya lagi,semoga cocok buat anak saya"
reviews_page_1.html,Moell Physical Sunscreen 30gr SPF 50+ PA++++ - Broad Spectrum UVA-UVB - Perlindungan Maksimal Kulit Anak - Skincare Dengan Microbiome Teknologi Formulasi Dokter - Skincare Bayi & Skincare Anak,L***p,2025-11-02,5,SUNSCREEN SAJA,"Kemasan: Baik
Kualitas pengerjaan: Baik
Warna: Baik"
reviews_page_1.html,Moell Glow Barrier Kit deals! Body Lotion 185gr & Physical Sunscreen 30gr & Face Cream 40gr - Physical Sunscreen SPF 50(+) PA(++++) -Melindungi Dan Memperkuat Skin Barrier - Dengan Microbiome Teknologi Formulasi Dokter - Skincare Anak,A***o,2025-11-02,5,[TERMURAH] BL + SS + FC + BW,Barang semua datang dengan lengkap
reviews_page_1.html,Moell Body Lotion Bayi 185gr - Melembapkan Kulit Badan Anak - Perawatan Kulit Kering dan Sensitif - Pelembap Bayi Anak Daily Use - Sensitif Kering Ruam - Skincare Bayi Formulasi Dokter dengan Microbiome Teknologi - Skincare Anak,K***d,2025-11-01,5,BODY LOTION TRAVEL SIZE 80gr,"Terima kasih, Sehat dan sukses untuk semuanya, yang sakit disehatkan, yang terpuruk lekas bangkit, yang berjuang menghasilkan, terwujud impian dan terjawab doanya"
reviews_page_1.html,Moell Physical Sunscreen 30gr SPF 50+ PA++++ - Broad Spectrum UVA-UVB - Perlindungan Maksimal Kulit Anak - Skincare Microbiome Teknologi Formulasi Dokter - Skincare Bayi - Skincare Anak,F***y,2025-11-01,5,SUNSCREEN 30gr SAJA,"Terima kasih, Sehat dan sukses untuk semuanya, yang sakit disehatkan, yang terpuruk lekas bangkit, yang berjuang menghasilkan, terwujud impian dan terjawab doanya"
reviews_page_1.html,Moell Skin Protection deals! Body Lotion 185gr & Physical Sunscreen 30gr & Face Cream 40gr - Physical Sunscreen SPF 50(+) PA(++++) - Face Cream Plant Based Probiotics -Melindungi Dan Memperkuat Skin Barrier - Dengan Microbiome Teknologi Formulasi Dokter,N***v,2025-11-01,5,[FREE POUCH] BL + SS + FC,Kemasan: Ok lah baru nyobak semoga cocok buat anak aku
reviews_page_1.html,"Moell Hair Care deals! - Hair Lotion 100gr & Shampoo 185gr - Menumbuhkan & Melebatkan Rambut Bayi & Anak - Panax Ginseng,Kemiri, Biotin - Skincare Bayi Formulasi Dokter- Perawatan Rambut Bayi dan Anak",N***k,2025-11-01,5,PROMO SHAMPOO & HAIR LOTION,
reviews_page_1.html,Moell Barrier Protection SALE! Body Lotion 185gr & Face Cream 40gr - Body Lotion Kulit Sensitif & Kering - Face Cream With Plant Based Probiotics - Skincare Dengan Microbiome Teknologi Formulasi Dokter - Skincare Bayi - Skincare Anak,I***h,2025-11-01,5,PROMO BODY LOTION 185gr + FACE CREAM 40gr,
reviews_page_1.html,Moell Healthy Body Care Body Wash 185gr & Body Lotion 185gr - Melindungi dan Memperkuat Skin Barrier - Skincare Anak Formulasi Dokter dengan Microbiome Teknologi - Skincare Bayi & Anak,M***u,2025-11-01,5,PROMO BODY WASH REFILL & BODY LOTION,"Kemasan: Rapihh aman
Kualitas pengerjaan: Cepet banget
Warna: Coklat krem"
reviews_page_2.html,"Moell Hair & Skin deals Bundling Body Lotion 185gr & Hair Lotion 100gr - Perawatan Badan & Rambut Bayi Anak Formulasi Dokter - Hair Lotion dengan Panax Ginseng, Candlenut Oil, Biotin - Skincare Bayi - Skincare Anak",B***g,2025-11-01,5,[DAPAT BODY WASH] BODY LOTION + HAIR LOTION,"Kemasan: Aman
Kualitas pengerjaan: Bagus
Warna: Sesuai"
reviews_page_2.html,"Moell Barrier Protection deals Body Lotion 185gr & Face Cream 40gr - Body Lotion Kulit Sensitif & Kering - Face Cream With Plant Based Probiotics, Organic Avocado Oil - Skincare Untuk Wajah & Badan Bayi dan Anak Formulasi Dokter",G***l,2025-11-01,5,FACE CREAM & BODY LOTION DAPAT BODY WASH,Produk bagus harga murah meriah
reviews_page_2.html,Moell Face Cream 40gr Bayi - Pelembap Wajah Anak Melindungi dan Memperkuat Skin Barrier Kulit Si Kecil - Aman untuk Kulit Sensitif dan Newborn - Skincare Anak Formulasi Dokter dengan Microbiome Teknologi - Skincare Bayi,M***b,2025-11-01,5,FACE CREAM 40gr SAJA,Pengiriman'y cepat dan selalu menjadi langganan
reviews_page_2.html,Moell Bundling Skin Protection Body Lotion 185gr & Physical Sunscreen 30gr & Face Cream 40gr - Physical Sunscreen SPF 50(+) PA(++++) - Face Cream Plant Based Probiotics - Dengan Microbiome Teknologi Formulasi Dokter - Skincare Bayi - Skincare Anak,U***g,2025-11-01,5,[DAPAT BODY WASH + POUCH] BL + SS + FC,Mantul pokonya
reviews_page_2.html,Moell Physical Sunscreen 30gr SPF 50+ PA++++ - Broad Spectrum UVA-UVB - Perlindungan Maksimal Kulit Anak - Skincare Dengan Microbiome Teknologi Formulasi Dokter - Skincare Bayi & Skincare Anak,S***v,2025-11-01,5,SUNSCREEN SAJA,"Anak saya cocok banget wajahnya cerahan😍😍😍
Kemasan: Rapi bangettt"
reviews_page_2.html,Moell Face Protection deals! Physical Sunscreen 30gr & Face Cream 40gr -Physical Sunscreen With SPF 50(+) PA(++++) -Face Cream With Plant Based Probiotics Organic Avocado Oil 10x Hyaluronic Acid - Perawatan Wajah Bayi & Anak Formulasi Dokter,N***q,2025-11-01,5,PROMO FACE CREAM + SUNSCREEN,Bgus slalu puas sama 100k dpt 3 item sunscrren facecream dan handbody
reviews_page_2.html,"Moell Hair Care Combo - Hair Lotion 100gr & Shampoo 185gr - Menumbuhkan & Melebatkan Rambut Bayi & Anak - Formulasi Dokter - Panax Ginseng,Kemiri, Biotin - Skincare Bayi - Perawatan Rambut Bayi dan Anak",I***q,2025-11-01,5,SHAMPOO + HAIR LOTION SAJA,Baru pertama pake moell semoga di rambut anakku cocok
reviews_page_2.html,Moell Bundling Hair Lotion 100gr & Shampoo Reffil 500gr & Body Wash 185gr - Melindungi dan Memperkuat Skin Barrier - Lembut di Kulit - Skincare Anak Microbiome - Skincare Bayi,H***o,2025-11-01,5,FREE SHOWER CAP & SISIR OFFICIAL,Baguss sesuai ekspektasi
reviews_page_2.html,[EXCLUSIVE CREATOR] BUY 4 GET 7 Shampoo 185ml & Hair Lotion 100ml & Sunscreen 30ml & Face Cream 40ml FREE Body Wash 185ml & 1pcs Essential Oil & Pouch,R***t,2025-11-01,5,[FREE BODYWASH + KEYCHAIN + EO] BL + SS + HL + SH,"Cepat pengirimannya ,bgusss udah mau ke 2 kali pake ini😍😍"
reviews_page_3.html,Moell Body Lotion Bayi 185gr - Melembapkan Kulit Badan Anak - Perawatan Kulit Kering dan Sensitif - Pelembap Bayi Anak Daily Use - Sensitif Kering Ruam - Skincare Bayi Formulasi Dokter dengan Microbiome Teknologi - Skincare Anak,E***k,2025-11-01,4,BODY LOTION 185gr,Kemasan: Kemasan rapih
reviews_page_3.html,"Moell Hair Lotion Anak 100gr - Rambut Tumbuh Dalam 7 Hari - Panax Ginseng, Kemiri, Biotin - Menutrisi Kulit Kepala Rambut Anak - Skincare Anak Formulasi Dokter dengan Microbiome Teknologi - Skincare Bayi - Skincare Anak",K***c,2025-11-01,5,HAIR LOTION SAJA,Pesen yg 2 kali emng bgus sih buat numbuhin rambut anak
reviews_page_3.html,Moell Face Protection deals Physical Sunscreen 30gr & Face Cream 40gr -Physical Sunscreen With SPF 50(+) PA(++++) -Face Cream With Plant Based Probiotics Organic Avocado Oil 10x Hyaluronic Acid - Perawatan Wajah Bayi & Anak Formulasi Dokter,O***d,2025-11-01,5,FACE CREAM + SUNSCREEN SAJA,Bagus
reviews_page_3.html,Moell Gentle Care deals! Hair Lotion 100gr & Body Wash 185gr & Shampoo 185gr & Body Lotion 185gr - 2in1 Baby Bath Sabun & Sampo Bayi Anak Kulit Kering & Sensitif - Skincare Anak dengan Microbiome Teknologi Diformulasikan Oleh Dokter,X***k,2025-11-01,5,[TERMURAH] BW + BL + SH + HL,Kemasan: Bagus
reviews_page_3.html,"Moell Hair Care Combo - Hair Lotion 100gr & Shampoo 185gr - Menumbuhkan & Melebatkan Rambut Bayi & Anak - Formulasi Dokter - Panax Ginseng,Kemiri, Biotin - Skincare Bayi - Perawatan Rambut Bayi dan Anak",F***c,2025-11-01,5,SHAMPOO + HAIR LOTION SAJA,Barangnya sudh sampai. Cocok di anakku
reviews_page_3.html,Moell Physical Sunscreen 30gr SPF 50+ PA++++ - Broad Spectrum UVA-UVB - Perlindungan Maksimal Kulit Anak - Skincare Microbiome Teknologi Formulasi Dokter - Skincare Bayi - Skincare Anak,G***n,2025-11-01,5,2 PCS SUNSCREEN 30gr,Bagus
reviews_page_3.html,Moell Body Lotion Bayi 185gr - Body Lotion Untuk Kulit Normal Sensitif - Pelembap Bayi Anak Daily Use - Sensitif Kering Ruam (Eksim) - Skincare Bayi - Kulit Cerah Glowing Ternutrisi,T***i,2025-11-01,5,BODY LOTION 185gr,"Bagus lembut dan wangi
Sering sering promo besar besaran"
reviews_page_3.html,Moell Physical Sunscreen 30gr SPF 50+ PA++++ - Broad Spectrum UVA-UVB - Perlindungan Maksimal Kulit Anak - Skincare Microbiome Teknologi Formulasi Dokter - Skincare Bayi - Skincare Anak,F***w,2025-11-01,5,SUNSCREEN 30gr SAJA,Packaging: Good
reviews_page_3.html,Moell Body Lotion Bayi 185gr - Melembapkan Kulit Badan Anak - Perawatan Kulit Kering dan Sensitif - Pelembap Bayi Anak Daily Use - Sensitif Kering Ruam - Skincare Bayi Formulasi Dokter dengan Microbiome Teknologi - Skincare Anak,X***u,2025-11-01,5,BODY LOTION TRAVEL SIZE 80gr,"Kemasan: Ok
Kualitas pengerjaan: Ok
Warna: Ok
Semoga cocok di anakku 5 BLN dan 6 thn"
reviews_page_3.html,"Moell Hair Care deals - Hair Lotion 100gr & Shampoo 185gr - Menumbuhkan & Melebatkan Rambut Bayi & Anak - Panax Ginseng,Kemiri, Biotin - Skincare Bayi Formulasi Dokter- Perawatan Rambut Bayi dan Anak",W***l,2025-11-01,5,SHAMPOO + HAIR LOTION DAPAT BODY WASH,"asli ini murah pake bangetsss, 100rb dapat 3 item loh. emang moell ga kaleng2 kalo ngasih promoan mah. ga sia2 nunggu promoan kek begini nongol kan. thankyou moell. mana..."
reviews_page_4.html,Moell Protection Combo - Physical Sunscreen 30gr & Body Lotion 185gr - Perlindungan Maksimal UVA-UVB SPF 50+ PA++++ Broad Spectrum - Perkuat Skin Barrier - Skincare Anak Formulasi Dokter Dengan Microbiome Teknologi - Skincare Bayi & Anak,T***p,2025-11-01,4,BODY LOTION & SUNSCREEN SAJA,Mantap
reviews_page_4.html,"Moell Hair Lotion Anak 100gr - Rambut Tumbuh Dalam 7 Hari - Panax Ginseng, Kemiri, Biotin - Menutrisi Kulit Kepala Rambut Anak - Skincare Anak Formulasi Dokter dengan Microbiome Teknologi - Skincare Bayi - Skincare Anak",T***k,2025-11-01,5,HAIR LOTION SAJA,Biar bintang yang berbicara ⭐⭐⭐⭐⭐⭐⭐⭐⭐ karena sudah langganan slalu pake ini🫶😍trimakasih sukses selalu ya 🤲🙏
reviews_page_4.html,Moell Physical Sunscreen 30gr SPF 50+ PA++++ - Broad Spectrum UVA-UVB - Perlindungan Maksimal Kulit Anak - Skincare Microbiome Teknologi Formulasi Dokter - Skincare Bayi - Skincare Anak,O***i,2025-11-01,5,SUNSCREEN 30gr SAJA,Top
reviews_page_4.html,Moell Glow Barrier Kit deals! Body Lotion 185gr & Physical Sunscreen 30gr & Face Cream 40gr - Physical Sunscreen SPF 50(+) PA(++++) -Melindungi Dan Memperkuat Skin Barrier - Dengan Microbiome Teknologi Formulasi Dokter - Skincare Anak,B***z,2025-11-01,5,BODY LOTION + SUNSCREEN + FACE CREAM + BODY WASH,bagus
reviews_page_4.html,Moell Refill Gentle Sabun Mandi Bayi Anak 500gr Kulit Kering dan Sensitif - Tanpa SLS & Alkohol - Kulit Sensitif dan Keiring - Skincare Bayi Formulasi Doker dengan Microbiome Teknologi - Skincare Bayi - Skincare Anak,D***a,2025-11-01,5,REFILL BODY WASH 500gr,Bagus
reviews_page_4.html,"Moell Hair Care deals! - Hair Lotion 100gr & Shampoo 185gr - Menumbuhkan & Melebatkan Rambut Bayi & Anak - Panax Ginseng,Kemiri, Biotin - Skincare Bayi Formulasi Dokter- Perawatan Rambut Bayi dan Anak",Z***t,2025-11-01,2,PROMO SHAMPOO & HAIR LOTION,"QC nya kurang perhatiin, pump copot karena ada yg patah, tolong diperhatikan lagi jangan gara” beli tebus murah promo jadi longgar pengawasannya"
reviews_page_4.html,Moell Barrier Protection SALE! Body Lotion 185gr & Face Cream 40gr - Body Lotion Kulit Sensitif & Kering - Face Cream With Plant Based Probiotics - Skincare Dengan Microbiome Teknologi Formulasi Dokter - Skincare Bayi - Skincare Anak,O***a,2025-11-01,5,BODY LOTION + FACE CREAM,"perawan.buat ank q shri"" biar mkin cerah"
reviews_page_4.html,Moell Protection Combo deals  - Physical Sunscreen 30gr & Body Lotion 185gr - Perlindungan Maksimal UVA-UVB SPF 50+ PA++++ - Perkuat Skin Barrier - Skincare Anak Formulasi Dokter - Skincare Bayi & Anak,D***c,2025-11-01,5,BODY LOTION + SUNSCREEN DAPAT BODYWASH,"Kemasan: Bagus
Kualitas pengerjaan: Cpet banget dateng
Warna: Berkualitas"
reviews_page_4.html,Moell Face Protection deals Physical Sunscreen 30gr & Face Cream 40gr -Physical Sunscreen With SPF 50(+) PA(++++) -Face Cream With Plant Based Probiotics Organic Avocado Oil 10x Hyaluronic Acid - Perawatan Wajah Bayi & Anak Formulasi Dokter,Q***q,2025-11-01,5,FACE CREAM + SUNSCREEN SAJA,Baguss
reviews_page_4.html,"Moell Hair Care deals - Hair Lotion 100gr & Shampoo 185gr - Menumbuhkan & Melebatkan Rambut Bayi & Anak - Panax Ginseng,Kemiri, Biotin - Skincare Bayi Formulasi Dokter- Perawatan Rambut Bayi dan Anak",A***u,2025-11-01,5,SHAMPOO + HAIR LOTION DAPAT BODY WASH,Bagus cocok di pakai sama bayi aku thanks
reviews_page_5.html,Moell Physical Sunscreen 30gr SPF 50+ PA++++ - Broad Spectrum UVA-UVB - Perlindungan Maksimal Kulit Anak - Skincare Dengan Microbiome Teknologi Formulasi Dokter - Skincare Bayi & Skincare Anak,G***c,2025-11-01,5,SUNSCREEN SAJA,
reviews_page_5.html,"Moell Hair Care deals! - Hair Lotion 100gr & Shampoo 185gr - Menumbuhkan & Melebatkan Rambut Bayi & Anak - Panax Ginseng,Kemiri, Biotin - Skincare Bayi Formulasi Dokter- Perawatan Rambut Bayi dan Anak",G***j,2025-11-01,5,PROMO SHAMPOO & HAIR LOTION,Beli karna daehoon live dan harga murce bangeeet!
reviews_page_5.html,Moell Body Lotion Bayi Travel Size 80gr - Melembapkan Kulit Badan Anak - Perawatan Kulit Kering dan Sensitif - Pelembap Bayi Anak Daily Use - Sensitif Kering Ruam - Skincare Bayi Formulasi Dokter dengan Microbiome Teknologi - Skincare Anak,Q***f,2025-11-01,5,BODY LOTION 80GR,"Pas sampai paketnya langsung pake... Beneran nyaman di kulit, ga lengket, kulit terasa lembab, lembut halus, aromanya lembut banget, aku beli buat perbaiki skin barrier b..."
reviews_page_5.html,Moell Gentle Care deals! Hair Lotion 100gr & Body Wash 185gr & Shampoo 185gr & Body Lotion 185gr - 2in1 Baby Bath Sabun & Sampo Bayi Anak Kulit Kering & Sensitif - Skincare Anak dengan Microbiome Teknologi Diformulasikan Oleh Dokter,D***n,2025-11-01,5,[TERMURAH] BW + BL + SH + HL,Bagsus
reviews_page_5.html,"Moell Soothing and Calming Rub Cream 50gr - Dengan Red Ginger Meredakan Kembung, Kolik Bayi baru Lahir - Meningkatkan Kualitas Tidur Anak - Skincare Anak Formulasi Dokter dengan Microbiome Teknologi - Skincare Bayi - Skincare Anak",V***j,2025-11-01,5,SOOTHING & CALMING RUB CREAM 50ml,"Kemasan: Rapi dan bagus
Pengiriman cepat , kurir baik & ramah, cocok banget buat anak aku, langsg lelap tidur"
reviews_page_5.html,"Moell Hair Care deals! - Hair Lotion 100gr & Shampoo 185gr - Menumbuhkan & Melebatkan Rambut Bayi & Anak - Panax Ginseng,Kemiri, Biotin - Skincare Bayi Formulasi Dokter- Perawatan Rambut Bayi dan Anak",X***b,2025-11-01,5,PROMO SHAMPOO & HAIR LOTION,Mantap hair lotionnya suka bgt wanginya... CO karena AA Daehoon yang Live. Undang lagi ya Aa nya .. Thank u Moell
reviews_page_5.html,Moell Physical Sunscreen 30gr SPF 50+ PA++++ - Broad Spectrum UVA-UVB - Perlindungan Maksimal Kulit Anak - Skincare Microbiome Teknologi Formulasi Dokter - Skincare Bayi - Skincare Anak,E***l,2025-11-01,5,SUNSCREEN 30gr SAJA,Aman buat anak4 dAn dewasa
reviews_page_5.html,Moell Protection Combo deals! - Physical Sunscreen 30gr & Body Lotion 185gr - Perlindungan Maksimal UVA-UVB SPF 50+ PA++++ Broad Spectrum - Perkuat Skin Barrier - Skincare Anak Formulasi Dokter - Skincare Bayi & Anak,X***l,2025-11-01,5,PROMO BODY LOTION + SUNSCREEN,Pengiriman baguss
reviews_page_5.html,Moell Physical Sunscreen 30gr SPF 50+ PA++++ - Broad Spectrum UVA-UVB - Perlindungan Maksimal Kulit Anak - Skincare Microbiome Teknologi Formulasi Dokter - Skincare Bayi - Skincare Anak,D***z,2025-11-01,5,SUNSCREEN 30gr SAJA,Oke
